{
  "GINE": {
    "train_loss": [
      0.04715091306930301,
      0.024146980509675783,
      0.016640449253221352,
      0.014896730143020207,
      0.013197417526195446
    ],
    "val_loss": [
      0.02593727172775702,
      0.012678549540313807,
      0.011039788284423676,
      0.009469807825305245,
      0.008535847745158455
    ],
    "precision": [
      0.0,
      0.9447627930257172,
      0.9279787543965555,
      0.886267846412774,
      0.8337774870036272
    ],
    "recall": [
      0.0,
      0.7880322276639026,
      0.8057127295606945,
      0.8277213061830676,
      0.853064572125835
    ],
    "f1": [
      0.0,
      0.857638574629667,
      0.861152508988354,
      0.8541271110110571,
      0.8417791729194182
    ]
  },
  "GAT": {
    "train_loss": [
      0.03800661684195886,
      0.028034305360553593,
      0.02037513347064284,
      0.017167499417374874,
      0.014999002432343603
    ],
    "val_loss": [
      0.027180690995671532,
      0.018384129062972286,
      0.013043624856932596,
      0.011390139094807884,
      0.01073811999098821
    ],
    "precision": [
      0.0,
      0.999999998820024,
      0.8835978669379121,
      0.8459281638263871,
      0.7690867192302739
    ],
    "recall": [
      0.0,
      0.1321117517407756,
      0.8090517974662276,
      0.8287498934055723,
      0.8310676696036557
    ],
    "f1": [
      0.0,
      0.22843891093579277,
      0.8427793701859718,
      0.8351845821652245,
      0.7961246343889101
    ]
  },
  "GraphConv": {
    "train_loss": [
      0.03412416016404656,
      0.02436030421662947,
      0.017104948624625974,
      0.015543921572295413,
      0.014413343549802386
    ],
    "val_loss": [
      0.024590187282724815,
      0.014156408692625437,
      0.010976566128771414,
      0.018887462263757534,
      0.010068869853222912
    ],
    "precision": [
      0.0,
      0.8917948882465431,
      0.7823753268788237,
      0.24834186402528421,
      0.7111938349383783
    ],
    "recall": [
      0.0,
      0.7880322276639026,
      0.811369573664311,
      0.9320397886993412,
      0.8311979704801927
    ],
    "f1": [
      0.0,
      0.8346514412698672,
      0.7941735226928869,
      0.3917124294253017,
      0.7651390293580597
    ]
  },
  "Final Comparison with enhanced features": {
    "GINE": {
      "Best Val F1": 0.8612,
      "Final Val F1": 0.8418,
      "Precision": 0.8338,
      "Recall": 0.8531
    },
    "GAT": {
      "Best Val F1": 0.8428,
      "Final Val F1": 0.7961,
      "Precision": 0.7691,
      "Recall": 0.8311
    },
    "GraphConv": {
      "Best Val F1": 0.8347,
      "Final Val F1": 0.7651,
      "Precision": 0.7112,
      "Recall": 0.8312
    }
  }
}
